"domain_name","domain_id","id","send_at","ts_hour","ts_dayofyear","ts_dayofweek","sent","unique_impressions","unique_opened","unique_ctr"
joy.land,308132225,2126658,2021-04-28 02:00:00,2.0,118.0,3.0,212519,13341,46,0.02164512349484046100
joy.land,308132225,2121340,2021-04-27 22:00:00,22.0,117.0,2.0,212474,13331,68,0.03200391577322401800
joy.land,308132225,2119386,2021-04-27 18:00:00,18.0,117.0,2.0,212460,19678,96,0.04518497599548150200
joy.land,308132225,2117190,2021-04-27 14:00:00,14.0,117.0,2.0,212485,20601,113,0.05318022448643433700
joy.land,308132225,2111602,2021-04-27 02:00:00,2.0,117.0,2.0,212485,24609,122,0.05741581758712379700
joy.land,308132225,2106281,2021-04-26 22:00:00,22.0,116.0,1.0,212473,13482,55,0.02588564194038772000
joy.land,308132225,2104349,2021-04-26 18:00:00,18.0,116.0,1.0,212475,19906,108,0.05082950935404165200
joy.land,308132225,2102149,2021-04-26 14:00:00,14.0,116.0,1.0,212501,20967,121,0.05694090851337170200
joy.land,308132225,2096525,2021-04-26 02:00:00,2.0,116.0,1.0,212486,24413,138,0.06494545522999162300
joy.land,308132225,2091202,2021-04-25 22:00:00,22.0,115.0,0.0,212467,12318,52,0.02447438896393322300
joy.land,308132225,2089253,2021-04-25 18:00:00,18.0,115.0,0.0,212462,16970,78,0.03671244740235901000
joy.land,308132225,2087053,2021-04-25 14:00:00,14.0,115.0,0.0,212479,16932,87,0.04094522282202005800
joy.land,308132225,2081540,2021-04-25 02:00:00,2.0,115.0,0.0,212443,20306,97,0.04565930626097353200
joy.land,308132225,2076215,2021-04-24 22:00:00,22.0,114.0,6.0,212421,12097,57,0.02683350516191901900
joy.land,308132225,2074265,2021-04-24 18:00:00,18.0,114.0,6.0,212379,16445,83,0.03908107675429303300
joy.land,308132225,2072079,2021-04-24 14:00:00,14.0,114.0,6.0,212377,16308,81,0.03813972322803316700
joy.land,308132225,2066620,2021-04-24 02:00:00,2.0,114.0,6.0,212321,19879,87,0.04097569246565342100
joy.land,308132225,2061306,2021-04-23 22:00:00,22.0,113.0,5.0,212318,13137,47,0.02213660641113801000
joy.land,308132225,2059361,2021-04-23 18:00:00,18.0,113.0,5.0,212267,18527,105,0.04946600272298567400
joy.land,308132225,2057160,2021-04-23 14:00:00,14.0,113.0,5.0,212279,19622,107,0.05040536275373447200
joy.land,308132225,2051602,2021-04-23 02:00:00,2.0,113.0,5.0,212233,24560,126,0.05936871268841320600
joy.land,308132225,2046287,2021-04-22 22:00:00,22.0,112.0,4.0,212229,13677,63,0.02968491582206013300
joy.land,308132225,2044351,2021-04-22 18:00:00,18.0,112.0,4.0,212211,19996,95,0.04476676515355000400
joy.land,308132225,2042144,2021-04-22 14:00:00,14.0,112.0,4.0,212219,20819,121,0.05701657250293329100
joy.land,308132225,2036591,2021-04-22 02:00:00,2.0,112.0,4.0,212195,25131,126,0.05937934447088762700
joy.land,308132225,2031272,2021-04-21 22:00:00,22.0,111.0,3.0,212194,13686,68,0.03204614645088928100
joy.land,308132225,2029319,2021-04-21 18:00:00,18.0,111.0,3.0,212174,20083,100,0.04713112822494744900
joy.land,308132225,2027063,2021-04-21 14:00:00,14.0,111.0,3.0,212194,20682,113,0.05325315513162483400
joy.land,308132225,2021468,2021-04-21 02:00:00,2.0,111.0,3.0,212168,25410,122,0.05750160250367633200
joy.land,308132225,2016150,2021-04-20 22:00:00,22.0,110.0,2.0,212174,13515,53,0.02497949795922214800
joy.land,308132225,2014220,2021-04-20 18:00:00,18.0,110.0,2.0,212131,20191,114,0.05374037740829958800
joy.land,308132225,2012014,2021-04-20 14:00:00,14.0,110.0,2.0,212150,21216,113,0.05326419985859062000
joy.land,308132225,2006400,2021-04-20 02:00:00,2.0,110.0,2.0,212120,25349,160,0.07542900245144258000
joy.land,308132225,2001081,2021-04-19 22:00:00,22.0,109.0,1.0,212104,13852,67,0.03158827744879870300
joy.land,308132225,1999159,2021-04-19 18:00:00,18.0,109.0,1.0,212076,20023,109,0.05139666911861785400
joy.land,308132225,1996948,2021-04-19 14:00:00,14.0,109.0,1.0,212110,20919,112,0.05280279100466739000
joy.land,308132225,1991379,2021-04-19 02:00:00,2.0,109.0,1.0,212147,25325,132,0.06222100713184725700
joy.land,308132225,1986060,2021-04-18 22:00:00,22.0,108.0,0.0,212143,12500,62,0.02922556954507101300
joy.land,308132225,1984129,2021-04-18 18:00:00,18.0,108.0,0.0,212117,17230,70,0.03300065529872664600
joy.land,308132225,1981903,2021-04-18 14:00:00,14.0,108.0,0.0,212135,17345,71,0.03346925306997902300
joy.land,308132225,1976260,2021-04-18 02:00:00,2.0,108.0,0.0,212082,20607,87,0.04102186889976518500
joy.land,308132225,1970952,2021-04-17 22:00:00,22.0,107.0,6.0,212082,12514,49,0.02310427098952292000
joy.land,308132225,1969004,2021-04-17 18:00:00,18.0,107.0,6.0,212042,16689,74,0.03489874647475500100
joy.land,308132225,1966839,2021-04-17 14:00:00,14.0,107.0,6.0,212047,16960,72,0.03395473644993798500
joy.land,308132225,1961284,2021-04-17 02:00:00,2.0,107.0,6.0,211956,20164,91,0.04293343901564475600
joy.land,308132225,1955964,2021-04-16 22:00:00,22.0,106.0,5.0,211966,13363,72,0.03396771180283630400
joy.land,308132225,1954038,2021-04-16 18:00:00,18.0,106.0,5.0,211946,18815,110,0.05190001226727562700
joy.land,308132225,1951838,2021-04-16 14:00:00,14.0,106.0,5.0,211913,20241,108,0.05096431082566902500
joy.land,308132225,1946241,2021-04-16 02:00:00,2.0,106.0,5.0,211889,24587,158,0.07456734422268263100
joy.land,308132225,1940911,2021-04-15 22:00:00,22.0,105.0,4.0,211892,13867,58,0.02737243501406376800
joy.land,308132225,1938953,2021-04-15 18:00:00,18.0,105.0,4.0,211857,20030,93,0.04389753465781163700
joy.land,308132225,1936740,2021-04-15 14:00:00,14.0,105.0,4.0,211821,20853,116,0.05476321988849075400
joy.land,308132225,1931164,2021-04-15 02:00:00,2.0,105.0,4.0,211753,25073,141,0.06658701411550249600
joy.land,308132225,1925837,2021-04-14 22:00:00,22.0,104.0,3.0,211763,13743,55,0.02597243144458663700
joy.land,308132225,1923898,2021-04-14 18:00:00,18.0,104.0,3.0,211734,20092,106,0.05006281466368178900
joy.land,308132225,1921675,2021-04-14 14:00:00,14.0,104.0,3.0,211750,21342,136,0.06422668240850059000
joy.land,308132225,1900848,2021-04-13 02:00:00,2.0,103.0,2.0,211532,31113,176,0.08320254145944821600
joy.land,308132225,1895512,2021-04-12 22:00:00,22.0,102.0,1.0,211558,13960,67,0.03166980213463920100
joy.land,308132225,1893567,2021-04-12 18:00:00,18.0,102.0,1.0,211555,20356,107,0.05057786391245775300
joy.land,308132225,1885733,2021-04-12 02:00:00,2.0,102.0,1.0,211556,28427,191,0.09028342377431980200
joy.land,308132225,1880420,2021-04-11 22:00:00,22.0,101.0,0.0,211562,12509,50,0.02363373384634291600
joy.land,308132225,1878489,2021-04-11 18:00:00,18.0,101.0,0.0,211523,17568,71,0.03356608973965006200
joy.land,308132225,1876298,2021-04-11 14:00:00,14.0,101.0,0.0,211540,17630,81,0.03829063061359553700
joy.land,308132225,1870674,2021-04-11 02:00:00,2.0,101.0,0.0,211511,21100,110,0.05200675142191186300
joy.land,308132225,1865364,2021-04-10 22:00:00,22.0,100.0,6.0,211479,12588,54,0.02553445022910076200
joy.land,308132225,1863420,2021-04-10 18:00:00,18.0,100.0,6.0,211454,17085,83,0.03925203590378995000
joy.land,308132225,1861264,2021-04-10 14:00:00,14.0,100.0,6.0,211485,17356,89,0.04208336288625670900
joy.land,308132225,1855783,2021-04-10 02:00:00,2.0,100.0,6.0,211449,20540,106,0.05013029146508141400
joy.land,308132225,1850471,2021-04-09 22:00:00,22.0,99.0,5.0,211437,13366,59,0.02790429300453563000
joy.land,308132225,1848526,2021-04-09 18:00:00,18.0,99.0,5.0,211370,18937,117,0.05535317216255854700
joy.land,308132225,1846337,2021-04-09 14:00:00,14.0,99.0,5.0,211414,20359,122,0.05770667978468786400
joy.land,308132225,1840691,2021-04-09 02:00:00,2.0,99.0,5.0,211356,24723,143,0.06765835840950812800
joy.land,308132225,1835358,2021-04-08 22:00:00,22.0,98.0,4.0,211365,13699,52,0.02460199181510656900
joy.land,308132225,1833410,2021-04-08 18:00:00,18.0,98.0,4.0,211334,20176,118,0.05583578600698420500
joy.land,308132225,1831199,2021-04-08 14:00:00,14.0,98.0,4.0,211326,21481,143,0.06766796324162668100
joy.land,308132225,1825528,2021-04-08 02:00:00,2.0,98.0,4.0,211372,25190,124,0.05866434532483015700
joy.land,308132225,1820197,2021-04-07 22:00:00,22.0,97.0,3.0,211405,13603,54,0.02554338828315318900
joy.land,308132225,1818272,2021-04-07 18:00:00,18.0,97.0,3.0,211434,20175,106,0.05013384791471570300
joy.land,308132225,1816066,2021-04-07 14:00:00,14.0,97.0,3.0,211517,21858,133,0.06287910664391041900
joy.land,308132225,1810450,2021-04-07 02:00:00,2.0,97.0,3.0,211564,25562,148,0.06995519086423020900
joy.land,308132225,1809574,2021-04-06 22:00:00,22.0,96.0,2.0,211557,13759,61,0.02883383674376172900
joy.land,308132225,1809092,2021-04-06 18:00:00,18.0,96.0,2.0,211555,20143,116,0.05483207676490747100
joy.land,308132225,1808665,2021-04-06 14:00:00,14.0,96.0,2.0,211551,21643,144,0.06806869265567168200
joy.land,308132225,1807523,2021-04-06 02:00:00,2.0,96.0,2.0,211523,24467,121,0.05720418110560080900
joy.land,308132225,1806656,2021-04-05 22:00:00,22.0,95.0,1.0,211521,13565,63,0.02978427673847986700
joy.land,308132225,1806195,2021-04-05 18:00:00,18.0,95.0,1.0,211489,19365,118,0.05579486403548175100
joy.land,308132225,1805747,2021-04-05 14:00:00,14.0,95.0,1.0,211490,20249,146,0.06903399687928507300
joy.land,308132225,1804578,2021-04-05 02:00:00,2.0,95.0,1.0,211462,21993,125,0.05911227549157768300
joy.land,308132225,1803703,2021-04-04 22:00:00,22.0,94.0,0.0,211471,12018,52,0.02458966004794983700
joy.land,308132225,1803249,2021-04-04 18:00:00,18.0,94.0,0.0,211463,16297,67,0.03168402983027763700
joy.land,308132225,1802825,2021-04-04 14:00:00,14.0,94.0,0.0,211499,16587,82,0.03877086889299713000
joy.land,308132225,1801676,2021-04-04 02:00:00,2.0,94.0,0.0,211437,18695,112,0.05297086129674560300
joy.land,308132225,1800808,2021-04-03 22:00:00,22.0,93.0,6.0,211424,11844,53,0.02506810958074769200
joy.land,308132225,1800348,2021-04-03 18:00:00,18.0,93.0,6.0,211370,15617,73,0.03453659459715191400
joy.land,308132225,1799940,2021-04-03 14:00:00,14.0,93.0,6.0,211392,15840,78,0.03689827429609446000
joy.land,308132225,1798894,2021-04-03 02:00:00,2.0,93.0,6.0,211341,17904,83,0.03927302321840059400
joy.land,308132225,1798023,2021-04-02 22:00:00,22.0,92.0,5.0,211309,12362,50,0.02366203048616007800
joy.land,308132225,1797570,2021-04-02 18:00:00,18.0,92.0,5.0,211284,16715,72,0.03407735559720565700
joy.land,308132225,1797140,2021-04-02 14:00:00,14.0,92.0,5.0,211197,17602,108,0.05113709001548317400
joy.land,308132225,1796014,2021-04-02 02:00:00,2.0,92.0,5.0,211227,20958,119,0.05633749473315437900
joy.land,308132225,1795125,2021-04-01 22:00:00,22.0,91.0,4.0,211202,13146,67,0.03172318443954129200
joy.land,308132225,1794663,2021-04-01 18:00:00,18.0,91.0,4.0,211197,18700,116,0.05492502260922266900
joy.land,308132225,1794203,2021-04-01 14:00:00,14.0,91.0,4.0,211204,19562,150,0.07102138217079222000
joy.land,308132225,1793055,2021-04-01 02:00:00,2.0,91.0,4.0,211128,22830,143,0.06773142359137584800
joy.land,308132225,1792172,2021-03-31 22:00:00,22.0,90.0,3.0,211114,13799,55,0.02605227507413056500
joy.land,308132225,1791717,2021-03-31 18:00:00,18.0,90.0,3.0,211099,19729,105,0.04973969559306297000
joy.land,308132225,1791209,2021-03-31 14:00:00,14.0,90.0,3.0,211085,20649,174,0.08243124807541985500
joy.land,308132225,1784154,2021-03-29 02:00:00,2.0,88.0,1.0,210959,30248,213,0.10096748657322038900
joy.land,308132225,1783280,2021-03-28 22:00:00,22.0,87.0,0.0,210946,12896,61,0.02891735325628359900
joy.land,308132225,1782824,2021-03-28 18:00:00,18.0,87.0,0.0,210937,17873,73,0.03460748943997496900
joy.land,308132225,1782397,2021-03-28 14:00:00,14.0,87.0,0.0,210947,17951,94,0.04456095606953405400
joy.land,308132225,1781357,2021-03-28 02:00:00,2.0,87.0,0.0,210902,20090,98,0.04646707949663824900
joy.land,308132225,1780494,2021-03-27 22:00:00,22.0,86.0,6.0,210883,13228,54,0.02560661599085749000
joy.land,308132225,1780049,2021-03-27 18:00:00,18.0,86.0,6.0,210848,17159,91,0.04315905296706632300
joy.land,308132225,1779631,2021-03-27 14:00:00,14.0,86.0,6.0,210840,17628,113,0.05359514323657750000
joy.land,308132225,1778612,2021-03-27 02:00:00,2.0,86.0,6.0,210794,20473,112,0.05313244209987001500
joy.land,308132225,1777746,2021-03-26 22:00:00,22.0,85.0,5.0,210785,14330,68,0.03226036008254856800
joy.land,308132225,1777291,2021-03-26 18:00:00,18.0,85.0,5.0,210730,19900,130,0.06169031462060456500
joy.land,308132225,1776851,2021-03-26 14:00:00,14.0,85.0,5.0,210743,21197,121,0.05741590468010799900
joy.land,308132225,1775749,2021-03-26 02:00:00,2.0,85.0,5.0,210703,25003,131,0.06217282145959003900
joy.land,308132225,1774883,2021-03-25 22:00:00,22.0,84.0,4.0,210644,15286,63,0.02990828127076964000
joy.land,308132225,1774392,2021-03-25 18:00:00,18.0,84.0,4.0,210644,21593,119,0.05649342017812043100
joy.land,308132225,1773933,2021-03-25 14:00:00,14.0,84.0,4.0,210663,22624,142,0.06740623650095175700
joy.land,308132225,1772815,2021-03-25 02:00:00,2.0,84.0,4.0,210540,24611,145,0.06887052341597796100
joy.land,308132225,1771948,2021-03-24 22:00:00,22.0,83.0,3.0,210605,15336,55,0.02611523942926331300
joy.land,308132225,1771478,2021-03-24 18:00:00,18.0,83.0,3.0,210612,21835,127,0.06030045771371052000
joy.land,308132225,1770937,2021-03-24 14:00:00,14.0,83.0,3.0,210642,21215,151,0.07168560875798748600
joy.land,308132225,1749326,2021-03-17 02:00:00,2.0,76.0,3.0,210108,31408,208,0.09899670645572753100
joy.land,308132225,1748448,2021-03-16 22:00:00,22.0,75.0,2.0,210098,15445,62,0.02951003817266228100
joy.land,308132225,1747977,2021-03-16 18:00:00,18.0,75.0,2.0,210106,22189,139,0.06615708261544172900
joy.land,308132225,1747405,2021-03-16 14:00:00,14.0,75.0,2.0,210104,23610,129,0.06139816471842516100
joy.land,308132225,1746290,2021-03-16 02:00:00,2.0,75.0,2.0,210086,25837,138,0.06568738516607484600
joy.land,308132225,1745415,2021-03-15 22:00:00,22.0,74.0,1.0,210081,15478,65,0.03094044678005150400
joy.land,308132225,1744930,2021-03-15 18:00:00,18.0,74.0,1.0,210071,22200,114,0.05426736674743301100
joy.land,308132225,1744459,2021-03-15 14:00:00,14.0,74.0,1.0,210076,23469,116,0.05521811154058531200
joy.land,308132225,1743307,2021-03-15 02:00:00,2.0,74.0,1.0,210049,26020,161,0.07664878195087812800
joy.land,308132225,1742413,2021-03-14 22:00:00,22.0,73.0,0.0,210044,0,71,0.03380244139323189400
joy.land,308132225,1741681,2021-03-14 18:00:00,18.0,73.0,0.0,210055,0,83,0.03951346076027707000
joy.land,308132225,1741483,2021-03-14 14:00:00,14.0,73.0,0.0,210076,0,124,0.05902625716407395400
joy.land,308132225,1740396,2021-03-14 03:00:00,3.0,73.0,0.0,210021,0,116,0.05523257198089714800
joy.land,308132225,1739528,2021-03-13 23:00:00,23.0,72.0,6.0,210008,0,62,0.02952268485010094900
joy.land,308132225,1739056,2021-03-13 19:00:00,19.0,72.0,6.0,210006,0,92,0.04380827214460539200
joy.land,308132225,1738640,2021-03-13 15:00:00,15.0,72.0,6.0,209992,0,124,0.05904986856642157800
joy.land,308132225,1737607,2021-03-13 03:00:00,3.0,72.0,6.0,209975,0,125,0.05953089653530182200
joy.land,308132225,1736735,2021-03-12 23:00:00,23.0,71.0,5.0,209967,0,68,0.03238604161606347700
joy.land,308132225,1736289,2021-03-12 19:00:00,19.0,71.0,5.0,209954,0,111,0.05286872362517503800
joy.land,308132225,1735854,2021-03-12 15:00:00,15.0,71.0,5.0,209948,0,139,0.06620687027263893900
joy.land,308132225,1734721,2021-03-12 03:00:00,3.0,71.0,5.0,209908,0,174,0.08289345808639975600
joy.land,308132225,1733847,2021-03-11 23:00:00,23.0,70.0,4.0,209867,0,80,0.03811938036947209400
joy.land,308132225,1733379,2021-03-11 19:00:00,19.0,70.0,4.0,209891,0,127,0.06050759680024393600
joy.land,308132225,1732911,2021-03-11 15:00:00,15.0,70.0,4.0,209883,0,179,0.08528561150736362600
joy.land,308132225,1731718,2021-03-11 03:00:00,3.0,70.0,4.0,209891,0,157,0.07480072990266376400
joy.land,308132225,1730836,2021-03-10 23:00:00,23.0,69.0,3.0,209878,0,0,0.000000000000000000000000
joy.land,308132225,1730374,2021-03-10 19:00:00,19.0,69.0,3.0,209851,0,0,0.000000000000000000000000
joy.land,308132225,1729910,2021-03-10 15:00:00,15.0,69.0,3.0,209856,0,0,0.000000000000000000000000
joy.land,308132225,1726879,2021-03-09 15:00:00,15.0,68.0,2.0,209766,0,0,0.000000000000000000000000
joy.land,308132225,1725636,2021-03-09 03:00:00,3.0,68.0,2.0,209244,0,0,0.000000000000000000000000
joy.land,308132225,1724752,2021-03-08 23:00:00,23.0,67.0,1.0,209272,0,0,0.000000000000000000000000
joy.land,308132225,1724308,2021-03-08 19:00:00,19.0,67.0,1.0,209323,0,0,0.000000000000000000000000
joy.land,308132225,1723827,2021-03-08 15:00:00,15.0,67.0,1.0,209413,0,0,0.000000000000000000000000
joy.land,308132225,1722622,2021-03-08 03:00:00,3.0,67.0,1.0,209514,0,0,0.000000000000000000000000
joy.land,308132225,1717943,2021-03-07 23:00:00,23.0,66.0,0.0,209567,0,0,0.000000000000000000000000
joy.land,308132225,1716107,2021-03-07 19:00:00,19.0,66.0,0.0,209586,0,0,0.000000000000000000000000
joy.land,308132225,1714143,2021-03-07 15:00:00,15.0,66.0,0.0,209614,0,0,0.000000000000000000000000
joy.land,308132225,1709164,2021-03-07 03:00:00,3.0,66.0,0.0,209522,0,0,0.000000000000000000000000
joy.land,308132225,1704497,2021-03-06 23:00:00,23.0,65.0,6.0,209531,0,0,0.000000000000000000000000
joy.land,308132225,1702674,2021-03-06 19:00:00,19.0,65.0,6.0,209467,0,0,0.000000000000000000000000
joy.land,308132225,1700741,2021-03-06 15:00:00,15.0,65.0,6.0,209461,0,0,0.000000000000000000000000
joy.land,308132225,1695900,2021-03-06 03:00:00,3.0,65.0,6.0,209436,0,0,0.000000000000000000000000
joy.land,308132225,1691233,2021-03-05 23:00:00,23.0,64.0,5.0,209420,0,0,0.000000000000000000000000
joy.land,308132225,1689432,2021-03-05 19:00:00,19.0,64.0,5.0,209385,0,0,0.000000000000000000000000
joy.land,308132225,1687435,2021-03-05 15:00:00,15.0,64.0,5.0,209398,0,0,0.000000000000000000000000
joy.land,308132225,1682533,2021-03-05 03:00:00,3.0,64.0,5.0,209349,0,0,0.000000000000000000000000
joy.land,308132225,1677853,2021-03-04 23:00:00,23.0,63.0,4.0,209139,0,0,0.000000000000000000000000
joy.land,308132225,1676044,2021-03-04 19:00:00,19.0,63.0,4.0,209190,0,0,0.000000000000000000000000
joy.land,308132225,1674075,2021-03-04 15:00:00,15.0,63.0,4.0,209258,0,0,0.000000000000000000000000
joy.land,308132225,1669006,2021-03-04 03:00:00,3.0,63.0,4.0,209220,0,0,0.000000000000000000000000
joy.land,308132225,1664300,2021-03-03 23:00:00,23.0,62.0,3.0,209217,0,0,0.000000000000000000000000
joy.land,308132225,1662511,2021-03-03 19:00:00,19.0,62.0,3.0,209171,0,0,0.000000000000000000000000
joy.land,308132225,1660532,2021-03-03 15:00:00,15.0,62.0,3.0,209176,0,0,0.000000000000000000000000
joy.land,308132225,1660167,2021-03-03 03:00:00,3.0,62.0,3.0,209148,0,0,0.000000000000000000000000
joy.land,308132225,1660086,2021-03-02 23:00:00,23.0,61.0,2.0,209127,0,0,0.000000000000000000000000
joy.land,308132225,1659941,2021-03-02 19:00:00,19.0,61.0,2.0,209120,0,0,0.000000000000000000000000
joy.land,308132225,1659743,2021-03-02 15:00:00,15.0,61.0,2.0,209133,0,0,0.000000000000000000000000
joy.land,308132225,1659378,2021-03-02 03:00:00,3.0,61.0,2.0,209095,0,0,0.000000000000000000000000
joy.land,308132225,1659288,2021-03-01 23:00:00,23.0,60.0,1.0,209099,0,0,0.000000000000000000000000
joy.land,308132225,1658842,2021-03-01 03:00:00,3.0,60.0,1.0,209010,0,0,0.000000000000000000000000
joy.land,308132225,1654141,2021-02-28 23:00:00,23.0,59.0,0.0,208996,0,0,0.000000000000000000000000
joy.land,308132225,1652297,2021-02-28 19:00:00,19.0,59.0,0.0,208969,0,0,0.000000000000000000000000
joy.land,308132225,1650274,2021-02-28 15:00:00,15.0,59.0,0.0,208959,0,0,0.000000000000000000000000
joy.land,308132225,1645332,2021-02-28 03:00:00,3.0,59.0,0.0,208909,0,0,0.000000000000000000000000
joy.land,308132225,1640638,2021-02-27 23:00:00,23.0,58.0,6.0,208887,0,0,0.000000000000000000000000
joy.land,308132225,1638789,2021-02-27 19:00:00,19.0,58.0,6.0,208870,0,0,0.000000000000000000000000
joy.land,308132225,1636818,2021-02-27 15:00:00,15.0,58.0,6.0,208856,0,0,0.000000000000000000000000
joy.land,308132225,1631972,2021-02-27 03:00:00,3.0,58.0,6.0,208789,0,0,0.000000000000000000000000
joy.land,308132225,1627282,2021-02-26 23:00:00,23.0,57.0,5.0,208780,0,0,0.000000000000000000000000
joy.land,308132225,1625462,2021-02-26 19:00:00,19.0,57.0,5.0,208747,0,0,0.000000000000000000000000
joy.land,308132225,1623478,2021-02-26 15:00:00,15.0,57.0,5.0,208713,0,0,0.000000000000000000000000
joy.land,308132225,1618557,2021-02-26 03:00:00,3.0,57.0,5.0,208682,0,0,0.000000000000000000000000
joy.land,308132225,1613840,2021-02-25 23:00:00,23.0,56.0,4.0,208641,0,0,0.000000000000000000000000
joy.land,308132225,1612009,2021-02-25 19:00:00,19.0,56.0,4.0,208664,0,0,0.000000000000000000000000
joy.land,308132225,1610007,2021-02-25 15:00:00,15.0,56.0,4.0,208635,0,0,0.000000000000000000000000
joy.land,308132225,1604937,2021-02-25 03:00:00,3.0,56.0,4.0,208628,0,0,0.000000000000000000000000
joy.land,308132225,1600194,2021-02-24 23:00:00,23.0,55.0,3.0,208619,0,0,0.000000000000000000000000
joy.land,308132225,1598298,2021-02-24 19:00:00,19.0,55.0,3.0,208570,0,0,0.000000000000000000000000
joy.land,308132225,1596169,2021-02-24 15:00:00,15.0,55.0,3.0,208549,0,0,0.000000000000000000000000
joy.land,308132225,1591063,2021-02-24 03:00:00,3.0,55.0,3.0,208577,0,0,0.000000000000000000000000
joy.land,308132225,1586319,2021-02-23 23:00:00,23.0,54.0,2.0,208572,0,0,0.000000000000000000000000
joy.land,308132225,1584409,2021-02-23 19:00:00,19.0,54.0,2.0,208594,0,0,0.000000000000000000000000
joy.land,308132225,1582273,2021-02-23 15:00:00,15.0,54.0,2.0,208588,0,0,0.000000000000000000000000
joy.land,308132225,1563658,2021-02-22 03:00:00,3.0,53.0,1.0,208504,0,0,0.000000000000000000000000
joy.land,308132225,1558932,2021-02-21 23:00:00,23.0,52.0,0.0,208502,0,0,0.000000000000000000000000
joy.land,308132225,1557102,2021-02-21 19:00:00,19.0,52.0,0.0,208491,0,0,0.000000000000000000000000
joy.land,308132225,1555071,2021-02-21 15:00:00,15.0,52.0,0.0,208458,0,0,0.000000000000000000000000
joy.land,308132225,1550098,2021-02-21 03:00:00,3.0,52.0,0.0,208461,0,0,0.000000000000000000000000
joy.land,308132225,1545403,2021-02-20 23:00:00,23.0,51.0,6.0,208440,0,0,0.000000000000000000000000
joy.land,308132225,1543556,2021-02-20 19:00:00,19.0,51.0,6.0,208419,0,0,0.000000000000000000000000
joy.land,308132225,1541568,2021-02-20 15:00:00,15.0,51.0,6.0,208376,0,0,0.000000000000000000000000
joy.land,308132225,1536691,2021-02-20 03:00:00,3.0,51.0,6.0,208356,0,0,0.000000000000000000000000
joy.land,308132225,1531982,2021-02-19 23:00:00,23.0,50.0,5.0,208349,0,0,0.000000000000000000000000
joy.land,308132225,1530166,2021-02-19 19:00:00,19.0,50.0,5.0,208329,0,0,0.000000000000000000000000
joy.land,308132225,1528174,2021-02-19 15:00:00,15.0,50.0,5.0,208303,0,0,0.000000000000000000000000
joy.land,308132225,1523179,2021-02-19 03:00:00,3.0,50.0,5.0,208265,0,0,0.000000000000000000000000
joy.land,308132225,1518448,2021-02-18 23:00:00,23.0,49.0,4.0,208257,0,0,0.000000000000000000000000
joy.land,308132225,1516612,2021-02-18 19:00:00,19.0,49.0,4.0,208250,0,0,0.000000000000000000000000
joy.land,308132225,1514592,2021-02-18 15:00:00,15.0,49.0,4.0,208243,0,0,0.000000000000000000000000
joy.land,308132225,1509589,2021-02-18 03:00:00,3.0,49.0,4.0,208235,0,0,0.000000000000000000000000
joy.land,308132225,1504855,2021-02-17 23:00:00,23.0,48.0,3.0,208204,0,0,0.000000000000000000000000
joy.land,308132225,1503025,2021-02-17 19:00:00,19.0,48.0,3.0,208217,0,0,0.000000000000000000000000
joy.land,308132225,1500958,2021-02-17 15:00:00,15.0,48.0,3.0,208223,0,0,0.000000000000000000000000
joy.land,308132225,1495945,2021-02-17 03:00:00,3.0,48.0,3.0,208158,0,0,0.000000000000000000000000
joy.land,308132225,1491228,2021-02-16 23:00:00,23.0,47.0,2.0,208161,0,0,0.000000000000000000000000
joy.land,308132225,1489406,2021-02-16 19:00:00,19.0,47.0,2.0,208153,0,0,0.000000000000000000000000
joy.land,308132225,1487364,2021-02-16 15:00:00,15.0,47.0,2.0,208137,0,0,0.000000000000000000000000
joy.land,308132225,1482370,2021-02-16 03:00:00,3.0,47.0,2.0,208080,0,0,0.000000000000000000000000
joy.land,308132225,1477659,2021-02-15 23:00:00,23.0,46.0,1.0,208095,0,0,0.000000000000000000000000
joy.land,308132225,1475837,2021-02-15 19:00:00,19.0,46.0,1.0,208105,0,0,0.000000000000000000000000
joy.land,308132225,1473790,2021-02-15 15:00:00,15.0,46.0,1.0,208083,0,0,0.000000000000000000000000
joy.land,308132225,1468779,2021-02-15 03:00:00,3.0,46.0,1.0,208053,0,0,0.000000000000000000000000
joy.land,308132225,1464049,2021-02-14 23:00:00,23.0,45.0,0.0,208040,0,0,0.000000000000000000000000
joy.land,308132225,1462212,2021-02-14 19:00:00,19.0,45.0,0.0,208012,0,0,0.000000000000000000000000
joy.land,308132225,1460216,2021-02-14 15:00:00,15.0,45.0,0.0,208004,0,0,0.000000000000000000000000
joy.land,308132225,1455217,2021-02-14 03:00:00,3.0,45.0,0.0,207970,0,0,0.000000000000000000000000
joy.land,308132225,1450510,2021-02-13 23:00:00,23.0,44.0,6.0,207948,0,0,0.000000000000000000000000
joy.land,308132225,1448677,2021-02-13 19:00:00,19.0,44.0,6.0,207917,0,0,0.000000000000000000000000
joy.land,308132225,1446698,2021-02-13 15:00:00,15.0,44.0,6.0,207895,0,0,0.000000000000000000000000
joy.land,308132225,1441773,2021-02-13 03:00:00,3.0,44.0,6.0,207841,0,0,0.000000000000000000000000
joy.land,308132225,1437064,2021-02-12 23:00:00,23.0,43.0,5.0,207809,0,0,0.000000000000000000000000
joy.land,308132225,1435257,2021-02-12 19:00:00,19.0,43.0,5.0,207766,0,0,0.000000000000000000000000
joy.land,308132225,1433232,2021-02-12 15:00:00,15.0,43.0,5.0,207760,0,0,0.000000000000000000000000
joy.land,308132225,1428285,2021-02-12 03:00:00,3.0,43.0,5.0,207625,0,0,0.000000000000000000000000
joy.land,308132225,1423568,2021-02-11 23:00:00,23.0,42.0,4.0,207661,0,0,0.000000000000000000000000
joy.land,308132225,1421736,2021-02-11 19:00:00,19.0,42.0,4.0,207666,0,0,0.000000000000000000000000
joy.land,308132225,1419699,2021-02-11 15:00:00,15.0,42.0,4.0,207682,0,0,0.000000000000000000000000
joy.land,308132225,1414675,2021-02-11 03:00:00,3.0,42.0,4.0,207679,0,0,0.000000000000000000000000
joy.land,308132225,1409960,2021-02-10 23:00:00,23.0,41.0,3.0,207682,0,0,0.000000000000000000000000
joy.land,308132225,1408137,2021-02-10 19:00:00,19.0,41.0,3.0,207688,0,0,0.000000000000000000000000
joy.land,308132225,1406093,2021-02-10 15:00:00,15.0,41.0,3.0,207660,0,0,0.000000000000000000000000
joy.land,308132225,1380992,2021-02-08 19:00:00,19.0,39.0,1.0,207466,0,0,0.000000000000000000000000
joy.land,308132225,1378949,2021-02-08 15:00:00,15.0,39.0,1.0,207432,0,0,0.000000000000000000000000
joy.land,308132225,1373933,2021-02-08 03:00:00,3.0,39.0,1.0,207408,0,0,0.000000000000000000000000
joy.land,308132225,1369212,2021-02-07 23:00:00,23.0,38.0,0.0,207419,0,0,0.000000000000000000000000
joy.land,308132225,1367377,2021-02-07 19:00:00,19.0,38.0,0.0,207406,0,0,0.000000000000000000000000
joy.land,308132225,1365365,2021-02-07 15:00:00,15.0,38.0,0.0,207392,0,0,0.000000000000000000000000
joy.land,308132225,1360375,2021-02-07 03:00:00,3.0,38.0,0.0,207365,0,0,0.000000000000000000000000
joy.land,308132225,1355671,2021-02-06 23:00:00,23.0,37.0,6.0,207354,0,0,0.000000000000000000000000
joy.land,308132225,1353834,2021-02-06 19:00:00,19.0,37.0,6.0,207346,0,0,0.000000000000000000000000
joy.land,308132225,1351821,2021-02-06 15:00:00,15.0,37.0,6.0,207320,0,0,0.000000000000000000000000
joy.land,308132225,1346961,2021-02-06 03:00:00,3.0,37.0,6.0,207297,0,0,0.000000000000000000000000
joy.land,308132225,1342259,2021-02-05 23:00:00,23.0,36.0,5.0,207311,0,0,0.000000000000000000000000
joy.land,308132225,1340453,2021-02-05 19:00:00,19.0,36.0,5.0,207293,0,0,0.000000000000000000000000
joy.land,308132225,1338455,2021-02-05 15:00:00,15.0,36.0,5.0,207277,0,0,0.000000000000000000000000
joy.land,308132225,1333474,2021-02-05 03:00:00,3.0,36.0,5.0,207224,0,0,0.000000000000000000000000
joy.land,308132225,1328761,2021-02-04 23:00:00,23.0,35.0,4.0,207211,0,0,0.000000000000000000000000
joy.land,308132225,1326915,2021-02-04 19:00:00,19.0,35.0,4.0,207193,0,0,0.000000000000000000000000
joy.land,308132225,1324871,2021-02-04 15:00:00,15.0,35.0,4.0,207171,0,0,0.000000000000000000000000
joy.land,308132225,1319862,2021-02-04 03:00:00,3.0,35.0,4.0,207120,0,0,0.000000000000000000000000
joy.land,308132225,1315143,2021-02-03 23:00:00,23.0,34.0,3.0,207122,0,0,0.000000000000000000000000
joy.land,308132225,1313320,2021-02-03 19:00:00,19.0,34.0,3.0,207113,0,0,0.000000000000000000000000
joy.land,308132225,1311246,2021-02-03 15:00:00,15.0,34.0,3.0,207085,0,0,0.000000000000000000000000
joy.land,308132225,1306251,2021-02-03 03:00:00,3.0,34.0,3.0,207081,0,0,0.000000000000000000000000
joy.land,308132225,1301529,2021-02-02 23:00:00,23.0,33.0,2.0,207094,0,0,0.000000000000000000000000
joy.land,308132225,1299700,2021-02-02 19:00:00,19.0,33.0,2.0,207077,0,0,0.000000000000000000000000
joy.land,308132225,1297661,2021-02-02 15:00:00,15.0,33.0,2.0,207061,0,0,0.000000000000000000000000
joy.land,308132225,1292660,2021-02-02 03:00:00,3.0,33.0,2.0,207039,0,0,0.000000000000000000000000
joy.land,308132225,1287960,2021-02-01 23:00:00,23.0,32.0,1.0,207050,0,0,0.000000000000000000000000
joy.land,308132225,1286131,2021-02-01 19:00:00,19.0,32.0,1.0,207007,0,0,0.000000000000000000000000
joy.land,308132225,1284099,2021-02-01 15:00:00,15.0,32.0,1.0,206987,0,0,0.000000000000000000000000
joy.land,308132225,1279077,2021-02-01 03:00:06,3.0,32.0,1.0,206974,0,0,0.000000000000000000000000
joy.land,308132225,1274361,2021-01-31 23:00:06,23.0,31.0,0.0,206993,0,0,0.000000000000000000000000
joy.land,308132225,1272489,2021-01-31 19:00:08,19.0,31.0,0.0,206988,0,0,0.000000000000000000000000
joy.land,308132225,1270486,2021-01-31 15:00:17,15.0,31.0,0.0,207005,0,0,0.000000000000000000000000
joy.land,308132225,1265494,2021-01-31 03:00:08,3.0,31.0,0.0,206966,0,0,0.000000000000000000000000
joy.land,308132225,1260780,2021-01-30 23:00:07,23.0,30.0,6.0,206969,0,0,0.000000000000000000000000
joy.land,308132225,1258934,2021-01-30 19:00:13,19.0,30.0,6.0,206953,0,0,0.000000000000000000000000
joy.land,308132225,1256960,2021-01-30 15:00:12,15.0,30.0,6.0,206934,0,0,0.000000000000000000000000
joy.land,308132225,1252065,2021-01-30 03:00:12,3.0,30.0,6.0,206834,0,0,0.000000000000000000000000
joy.land,308132225,1247343,2021-01-29 23:00:13,23.0,29.0,5.0,206886,0,0,0.000000000000000000000000
joy.land,308132225,1245531,2021-01-29 19:00:09,19.0,29.0,5.0,206854,0,0,0.000000000000000000000000
joy.land,308132225,1243538,2021-01-29 15:00:14,15.0,29.0,5.0,206827,0,0,0.000000000000000000000000
joy.land,308132225,1238546,2021-01-29 03:00:07,3.0,29.0,5.0,206793,0,0,0.000000000000000000000000
joy.land,308132225,1233824,2021-01-28 23:00:12,23.0,28.0,4.0,206783,0,0,0.000000000000000000000000
joy.land,308132225,1231985,2021-01-28 19:00:11,19.0,28.0,4.0,206761,0,0,0.000000000000000000000000
joy.land,308132225,1229961,2021-01-28 15:00:12,15.0,28.0,4.0,206734,0,0,0.000000000000000000000000
masa.co.il,316687220,2126761,2021-04-28 08:00:00,8.0,118.0,3.0,152147,0,0,0.000000000000000000000000
masa.co.il,316687220,2111718,2021-04-27 08:00:00,8.0,117.0,2.0,152037,14041,155,0.10194886770983379000
masa.co.il,316687220,2096664,2021-04-26 08:00:00,8.0,116.0,1.0,152032,11567,126,0.08287728899179120200
masa.co.il,316687220,2081602,2021-04-25 08:00:00,8.0,115.0,0.0,152323,10203,132,0.08665795710431123300
masa.co.il,316687220,2051715,2021-04-23 08:00:00,8.0,113.0,5.0,151654,7001,73,0.04813588827198755100
masa.co.il,316687220,2036694,2021-04-22 08:00:00,8.0,112.0,4.0,151645,3458,45,0.02967456889445745000
masa.co.il,316687220,2021598,2021-04-21 08:00:00,8.0,111.0,3.0,151638,500,9,0.005935187749772484469600
masa.co.il,316687220,2006506,2021-04-20 08:00:00,8.0,110.0,2.0,151422,464,5,0.003302030088098162750500
masa.co.il,316687220,1991479,2021-04-19 08:00:00,8.0,109.0,1.0,151418,472,7,0.004622964244673684766700
masa.co.il,316687220,1976348,2021-04-18 08:00:00,8.0,108.0,0.0,151362,501,5,0.003303339015076439264800
masa.co.il,316687220,1931258,2021-04-15 08:00:00,8.0,105.0,4.0,150732,461,1,0.000663429132500066342900
masa.co.il,316687220,1916128,2021-04-14 08:00:00,8.0,104.0,3.0,150610,467,6,0.003983799216519487417800
masa.co.il,316687220,1900957,2021-04-13 08:00:00,8.0,103.0,2.0,150500,474,3,0.001993355481727574750800
masa.co.il,316687220,1885837,2021-04-12 08:00:00,8.0,102.0,1.0,150370,515,6,0.003990157611225643412900
masa.co.il,316687220,1870770,2021-04-11 08:00:00,8.0,101.0,0.0,150241,490,6,0.003993583642281401215400
masa.co.il,316687220,1840783,2021-04-09 08:00:00,8.0,99.0,5.0,149746,495,5,0.003338987351915910942500
masa.co.il,316687220,1825636,2021-04-08 08:00:00,8.0,98.0,4.0,149658,486,7,0.004677330981304039877600
masa.co.il,316687220,1810557,2021-04-07 08:00:00,8.0,97.0,3.0,149589,503,4,0.002673993408606247785600
masa.co.il,316687220,1807613,2021-04-06 08:00:00,8.0,96.0,2.0,149510,504,5,0.003344257909169955186900
masa.co.il,316687220,1804680,2021-04-05 08:00:00,8.0,95.0,1.0,149391,460,5,0.003346921835987442349300
masa.co.il,316687220,1801747,2021-04-04 08:00:00,8.0,94.0,0.0,149295,473,7,0.004688703573461937774200
masa.co.il,316687220,1796104,2021-04-02 08:00:00,8.0,92.0,5.0,148982,502,5,0.003356110134110160959000
masa.co.il,316687220,1793134,2021-04-01 08:00:00,8.0,91.0,4.0,148732,476,7,0.004706451873167845520800
masa.co.il,316687220,1790125,2021-03-31 08:00:00,8.0,90.0,3.0,148290,511,8,0.005394834446017937824500
masa.co.il,316687220,1784260,2021-03-29 08:00:00,8.0,88.0,1.0,147031,514,7,0.004760900762424250668200
masa.co.il,316687220,1781402,2021-03-28 08:00:00,8.0,87.0,0.0,146348,474,8,0.005466422499795009156300
masa.co.il,316687220,1775816,2021-03-26 08:00:00,8.0,85.0,5.0,145884,542,9,0.006169285185489841243700
masa.co.il,316687220,1772915,2021-03-25 09:00:00,9.0,84.0,4.0,145812,528,12,0.008229775327133569253600
westernjournal.com,1274926143,2126675,2021-04-28 03:00:00,3.0,118.0,3.0,121965,53228,1695,1.38974295904562784400
westernjournal.com,1274926143,2126642,2021-04-28 01:00:00,1.0,118.0,3.0,122066,56850,2194,1.79738829813379647100
westernjournal.com,1274926143,2121373,2021-04-27 23:00:00,23.0,117.0,2.0,121111,58402,2765,2.28302961745836464100
westernjournal.com,1274926143,2117089,2021-04-27 13:00:00,13.0,117.0,2.0,122148,56419,2859,2.34060320267216818900
westernjournal.com,1274926143,2111616,2021-04-27 03:00:00,3.0,117.0,2.0,121370,64859,3833,3.15811155969349921700
westernjournal.com,1274926143,2111575,2021-04-27 01:00:00,1.0,117.0,2.0,121117,58881,3202,2.64372466292923371600
westernjournal.com,1274926143,2106304,2021-04-26 23:00:00,23.0,116.0,1.0,120983,59389,3089,2.55325128323814089600
westernjournal.com,1274926143,2102045,2021-04-26 13:00:00,13.0,116.0,1.0,121120,57512,2807,2.31753632760898282700
westernjournal.com,1274926143,2096536,2021-04-26 03:00:00,3.0,116.0,1.0,120629,62374,3594,2.97938306709000323300
westernjournal.com,1274926143,2096517,2021-04-26 01:00:00,1.0,116.0,1.0,120273,55595,2797,2.32554272363705902400
westernjournal.com,1274926143,2091222,2021-04-25 23:00:00,23.0,115.0,0.0,120246,58397,2913,2.42253380569831844700
westernjournal.com,1274926143,2091147,2021-04-25 21:00:00,21.0,115.0,0.0,120370,57148,3253,2.70250062307884024300
westernjournal.com,1274926143,2089280,2021-04-25 19:00:00,19.0,115.0,0.0,120232,56158,3101,2.57918025151374010200
westernjournal.com,1274926143,2087173,2021-04-25 17:00:00,17.0,115.0,0.0,119968,55961,3588,2.99079754601226993900
westernjournal.com,1274926143,2087089,2021-04-25 15:00:00,15.0,115.0,0.0,120276,56491,3297,2.74119525092287738200
westernjournal.com,1274926143,2081718,2021-04-25 12:00:00,12.0,115.0,0.0,120676,56222,2974,2.46445026351552918600
westernjournal.com,1274926143,2081557,2021-04-25 03:00:00,3.0,115.0,0.0,119998,57380,3341,2.78421307021783696400
westernjournal.com,1274926143,2081525,2021-04-25 01:00:00,1.0,115.0,0.0,119779,53777,2959,2.47038295527596657200
westernjournal.com,1274926143,2076253,2021-04-24 23:00:00,23.0,114.0,6.0,119609,56620,3046,2.54663110635487296100
westernjournal.com,1274926143,2076185,2021-04-24 21:00:00,21.0,114.0,6.0,119509,56802,3167,2.65000962270623969700
westernjournal.com,1274926143,2074298,2021-04-24 19:00:00,19.0,114.0,6.0,119226,56266,3200,2.68397832687501048400
westernjournal.com,1274926143,2072208,2021-04-24 17:00:00,17.0,114.0,6.0,119341,55828,3582,3.00148314493761574000
westernjournal.com,1274926143,2072116,2021-04-24 15:00:00,15.0,114.0,6.0,119284,57261,3846,3.22423795312028436300
westernjournal.com,1274926143,2066767,2021-04-24 12:00:00,12.0,114.0,6.0,119885,55168,3026,2.52408558201609876100
westernjournal.com,1274926143,2066635,2021-04-24 03:00:00,3.0,114.0,6.0,119237,58319,3760,3.15338359737329855700
westernjournal.com,1274926143,2066607,2021-04-24 01:00:00,1.0,114.0,6.0,119071,54974,3105,2.60768785010623913500
westernjournal.com,1274926143,2061338,2021-04-23 23:00:00,23.0,113.0,5.0,118824,57362,2951,2.48350501582171951800
westernjournal.com,1274926143,2057111,2021-04-23 13:00:00,13.0,113.0,5.0,118825,57098,3173,2.67031348621922996000
westernjournal.com,1274926143,2051618,2021-04-23 03:00:00,3.0,113.0,5.0,118371,64358,3809,3.21784896638534776300
westernjournal.com,1274926143,2051587,2021-04-23 01:00:00,1.0,113.0,5.0,118055,56623,3469,2.93846088687476176400
westernjournal.com,1274926143,2046315,2021-04-22 23:00:00,23.0,112.0,4.0,117806,57982,3309,2.80885523657538665300
westernjournal.com,1274926143,2042057,2021-04-22 13:00:00,13.0,112.0,4.0,117880,53398,2687,2.27943671530369867700
westernjournal.com,1274926143,2036607,2021-04-22 03:00:00,3.0,112.0,4.0,117305,64625,4104,3.49857209837602830200
westernjournal.com,1274926143,2036574,2021-04-22 01:00:00,1.0,112.0,4.0,116874,56471,2951,2.52494138987285452700
westernjournal.com,1274926143,2031299,2021-04-21 23:00:00,23.0,111.0,3.0,116669,56481,3166,2.71366001251403543400
westernjournal.com,1274926143,2026969,2021-04-21 13:00:00,13.0,111.0,3.0,116904,54149,3023,2.58588243344966810400
westernjournal.com,1274926143,2021488,2021-04-21 03:00:00,3.0,111.0,3.0,116291,64216,4021,3.45770523944243320600
westernjournal.com,1274926143,2021444,2021-04-21 01:00:00,1.0,111.0,3.0,116107,56460,3052,2.62860981680691086700
westernjournal.com,1274926143,2011919,2021-04-20 13:00:00,13.0,110.0,2.0,116192,54348,3514,3.02430459928394381700
westernjournal.com,1274926143,2006411,2021-04-20 03:00:00,3.0,110.0,2.0,115332,62968,3856,3.34339125307807026700
westernjournal.com,1274926143,2006373,2021-04-20 01:00:00,1.0,110.0,2.0,115224,55466,2755,2.39099493161146983300
westernjournal.com,1274926143,2001106,2021-04-19 23:00:00,23.0,109.0,1.0,114924,58112,3781,3.29000034805610664400
westernjournal.com,1274926143,1996847,2021-04-19 13:00:00,13.0,109.0,1.0,115486,57633,3046,2.63754914015551668600
westernjournal.com,1274926143,1991391,2021-04-19 03:00:00,3.0,109.0,1.0,114986,60280,3499,3.04297914528725236100
westernjournal.com,1274926143,1991363,2021-04-19 01:00:00,1.0,109.0,1.0,114852,54262,3145,2.73830669034931912400
westernjournal.com,1274926143,1986079,2021-04-18 23:00:00,23.0,108.0,0.0,114579,56621,3161,2.75879524171095925100
westernjournal.com,1274926143,1986010,2021-04-18 21:00:00,21.0,108.0,0.0,114541,55819,3599,3.14210632000768283800
westernjournal.com,1274926143,1984150,2021-04-18 19:00:00,19.0,108.0,0.0,114422,54403,3326,2.90678366048487179000
westernjournal.com,1274926143,1982063,2021-04-18 17:00:00,17.0,108.0,0.0,114468,54965,3628,3.16944473564664360300
westernjournal.com,1274926143,1981982,2021-04-18 15:00:00,15.0,108.0,0.0,114563,54949,3378,2.94859596903014062100
westernjournal.com,1274926143,1976566,2021-04-18 12:00:00,12.0,108.0,0.0,115098,55026,3086,2.68119341778310657000
westernjournal.com,1274926143,1976271,2021-04-18 03:00:00,3.0,108.0,0.0,114577,56384,3605,3.14635572584375572800
westernjournal.com,1274926143,1976237,2021-04-18 01:00:00,1.0,108.0,0.0,114272,53401,2919,2.55443153178381405800
westernjournal.com,1274926143,1970968,2021-04-17 23:00:00,23.0,107.0,6.0,114183,54337,2848,2.49424169972763020800
westernjournal.com,1274926143,1970901,2021-04-17 21:00:00,21.0,107.0,6.0,114080,54863,3555,3.11623422159887798000
westernjournal.com,1274926143,1969026,2021-04-17 19:00:00,19.0,107.0,6.0,113951,54254,3314,2.90826758870040631500
westernjournal.com,1274926143,1966945,2021-04-17 17:00:00,17.0,107.0,6.0,114160,55195,2825,2.47459705676243868300
westernjournal.com,1274926143,1966862,2021-04-17 15:00:00,15.0,107.0,6.0,113992,55123,2109,1.85012983367253842400
westernjournal.com,1274926143,1961503,2021-04-17 12:00:00,12.0,107.0,6.0,114657,53321,3514,3.06479325291957752300
westernjournal.com,1274926143,1961294,2021-04-17 03:00:00,3.0,107.0,6.0,113968,56431,3258,2.85869717815527165500
westernjournal.com,1274926143,1961270,2021-04-17 01:00:00,1.0,107.0,6.0,113816,53095,3582,3.14718493006255711000
westernjournal.com,1274926143,1955999,2021-04-16 23:00:00,23.0,106.0,5.0,113691,55388,3738,3.28785919729793915100
westernjournal.com,1274926143,1951743,2021-04-16 13:00:00,13.0,106.0,5.0,113699,53647,3197,2.81181013025620278100
westernjournal.com,1274926143,1946253,2021-04-16 03:00:00,3.0,106.0,5.0,113172,62305,3911,3.45580178842823313200
westernjournal.com,1274926143,1946218,2021-04-16 01:00:00,1.0,106.0,5.0,14588,53753,3099,21.24348779819029339200
westernjournal.com,1274926143,1936653,2021-04-15 13:00:00,13.0,105.0,4.0,112688,54687,3015,2.67552889393724265200
westernjournal.com,1274926143,1931176,2021-04-15 03:00:00,3.0,105.0,4.0,112201,61784,4133,3.68356788263919216400
westernjournal.com,1274926143,1931140,2021-04-15 01:00:00,1.0,105.0,4.0,112034,54970,3386,3.02229680275630612100
westernjournal.com,1274926143,1925857,2021-04-14 23:00:00,23.0,104.0,3.0,111277,54220,2802,2.51804056543580434400
westernjournal.com,1274926143,1921583,2021-04-14 13:00:00,13.0,104.0,3.0,112028,54714,4125,3.68211518548934195000
westernjournal.com,1274926143,1916007,2021-04-14 03:00:00,3.0,104.0,3.0,111303,60542,3848,3.45722936488684042700
westernjournal.com,1274926143,1915968,2021-04-14 01:00:00,1.0,104.0,3.0,111111,54970,3465,3.11850311850311850300
westernjournal.com,1274926143,1906378,2021-04-13 13:00:00,13.0,103.0,2.0,111075,53075,2720,2.44879585865406257000
westernjournal.com,1274926143,1900859,2021-04-13 03:00:00,3.0,103.0,2.0,109825,61765,3845,3.50102435693148190300
westernjournal.com,1274926143,1900813,2021-04-13 01:00:00,1.0,103.0,2.0,109820,55212,3152,2.87015115643780732100
westernjournal.com,1274926143,1891219,2021-04-12 13:00:00,13.0,102.0,1.0,109930,46878,2575,2.34239970890566724300
westernjournal.com,1274926143,1885739,2021-04-12 03:00:00,3.0,102.0,1.0,109492,59445,3514,3.20936689438497789800
westernjournal.com,1274926143,1885711,2021-04-12 01:00:00,1.0,102.0,1.0,109083,53323,3349,3.07013925176241944200
westernjournal.com,1274926143,1880440,2021-04-11 23:00:00,23.0,101.0,0.0,108953,55592,2939,2.69749341459161289700
westernjournal.com,1274926143,1880369,2021-04-11 21:00:00,21.0,101.0,0.0,108825,55148,3829,3.51849299333792786600
westernjournal.com,1274926143,1878513,2021-04-11 19:00:00,19.0,101.0,0.0,108660,53798,4073,3.74838947174673292800
westernjournal.com,1274926143,1876410,2021-04-11 17:00:00,17.0,101.0,0.0,108609,54289,3930,3.61848465596773748000
westernjournal.com,1274926143,1876325,2021-04-11 15:00:00,15.0,101.0,0.0,108755,53345,2819,2.59206473265596984000
westernjournal.com,1274926143,1870941,2021-04-11 12:00:00,12.0,101.0,0.0,108922,53874,2967,2.72396760984924992200
westernjournal.com,1274926143,1870680,2021-04-11 03:00:00,3.0,101.0,0.0,108130,54694,3038,2.80958105983538333500
westernjournal.com,1274926143,1870645,2021-04-11 01:00:00,1.0,101.0,0.0,107837,51806,3007,2.78846778007548429600
westernjournal.com,1274926143,1865378,2021-04-10 23:00:00,23.0,100.0,6.0,107452,53719,3005,2.79659755053419201100
westernjournal.com,1274926143,1865313,2021-04-10 21:00:00,21.0,100.0,6.0,107198,53131,2276,2.12317393981230993100
westernjournal.com,1274926143,1863436,2021-04-10 19:00:00,19.0,100.0,6.0,106903,52328,3572,3.34134682843325257500
westernjournal.com,1274926143,1861360,2021-04-10 17:00:00,17.0,100.0,6.0,106878,53294,3523,3.29628174179906061100
westernjournal.com,1274926143,1861274,2021-04-10 15:00:00,15.0,100.0,6.0,106918,53822,3854,3.60463158682354701700
westernjournal.com,1274926143,1855922,2021-04-10 12:00:00,12.0,100.0,6.0,107301,52038,3654,3.40537366846534515100
westernjournal.com,1274926143,1855787,2021-04-10 03:00:00,3.0,100.0,6.0,106565,54491,3937,3.69445878102566508700
westernjournal.com,1274926143,1855750,2021-04-10 01:00:00,1.0,100.0,6.0,106297,51488,3253,3.06029332906855320500
westernjournal.com,1274926143,1846226,2021-04-09 13:00:00,13.0,99.0,5.0,105954,53221,3667,3.46093587783377692200
westernjournal.com,1274926143,1840697,2021-04-09 03:00:00,3.0,99.0,5.0,105269,58479,3914,3.71809364580265795200
westernjournal.com,1274926143,1840661,2021-04-09 01:00:00,1.0,99.0,5.0,104852,52757,3609,3.44199443024453515400
westernjournal.com,1274926143,1831072,2021-04-08 13:00:00,13.0,98.0,4.0,104895,52519,3362,3.20510987177653844300
westernjournal.com,1274926143,1825536,2021-04-08 03:00:00,3.0,98.0,4.0,104590,58513,3458,3.30624342671383497500
westernjournal.com,1274926143,1825488,2021-04-08 01:00:00,1.0,98.0,4.0,104505,53279,3451,3.30223434285440888000
westernjournal.com,1274926143,1820209,2021-04-07 23:00:00,23.0,97.0,3.0,104630,52600,3417,3.26579374940265698200
westernjournal.com,1274926143,1815953,2021-04-07 13:00:00,13.0,97.0,3.0,105536,53376,4149,3.93135991510006064300
westernjournal.com,1274926143,1810456,2021-04-07 03:00:00,3.0,97.0,3.0,105221,59534,3442,3.27121011965292099500
westernjournal.com,1274926143,1810423,2021-04-07 01:00:00,1.0,97.0,3.0,104999,53918,3086,2.93907561024390708500
westernjournal.com,1274926143,1808559,2021-04-06 13:00:00,13.0,96.0,2.0,104742,54441,1998,1.90754425158962021000
westernjournal.com,1274926143,1807531,2021-04-06 03:00:00,3.0,96.0,2.0,104207,58017,2610,2.50463020718377844100
westernjournal.com,1274926143,1807496,2021-04-06 01:00:00,1.0,96.0,2.0,103997,54087,2633,2.53180380203275094500
westernjournal.com,1274926143,1805637,2021-04-05 13:00:00,13.0,95.0,1.0,103728,55021,2373,2.28771402128644146200
westernjournal.com,1274926143,1804603,2021-04-05 05:00:00,5.0,95.0,1.0,103740,51926,2032,1.95874301137459032200
westernjournal.com,1274926143,1804582,2021-04-05 03:00:00,3.0,95.0,1.0,103572,46526,1642,1.58537056347275325400
westernjournal.com,1274926143,1804556,2021-04-05 01:00:00,1.0,95.0,1.0,103199,51051,2472,2.39537204817876142200
westernjournal.com,1274926143,1803715,2021-04-04 23:00:00,23.0,94.0,0.0,103146,51534,2439,2.36460938863358734200
westernjournal.com,1274926143,1803652,2021-04-04 21:00:00,21.0,94.0,0.0,103117,50702,2570,2.49231455531095745600
westernjournal.com,1274926143,1803274,2021-04-04 19:00:00,19.0,94.0,0.0,103211,49105,2062,1.99784906647547257600
westernjournal.com,1274926143,1802927,2021-04-04 17:00:00,17.0,94.0,0.0,103029,50108,2606,2.52938493045647342000
westernjournal.com,1274926143,1802850,2021-04-04 15:00:00,15.0,94.0,0.0,102934,50686,2779,2.69978821380690539600
westernjournal.com,1274926143,1801883,2021-04-04 12:00:00,12.0,94.0,0.0,103367,50312,2853,2.76006849381330598700
westernjournal.com,1274926143,1801700,2021-04-04 05:00:00,5.0,94.0,0.0,103198,48244,2896,2.80625593519254249100
westernjournal.com,1274926143,1801679,2021-04-04 03:00:00,3.0,94.0,0.0,102825,47280,2993,2.91077072696328713800
westernjournal.com,1274926143,1801650,2021-04-04 01:00:00,1.0,94.0,0.0,102600,50029,2742,2.67251461988304093600
westernjournal.com,1274926143,1800814,2021-04-03 23:00:00,23.0,93.0,6.0,102456,50973,2968,2.89685328336066213800
westernjournal.com,1274926143,1800758,2021-04-03 21:00:00,21.0,93.0,6.0,102288,51205,3198,3.12646644767714687900
westernjournal.com,1274926143,1800363,2021-04-03 19:00:00,19.0,93.0,6.0,102217,50097,3425,3.35071465607482121400
westernjournal.com,1274926143,1800036,2021-04-03 17:00:00,17.0,93.0,6.0,102224,51134,3092,3.02473000469557051200
westernjournal.com,1274926143,1799948,2021-04-03 15:00:00,15.0,93.0,6.0,102195,51875,4147,4.05792847008170654100
westernjournal.com,1274926143,1799012,2021-04-03 12:00:00,12.0,93.0,6.0,102423,49261,3110,3.03642736494732628400
westernjournal.com,1274926143,1798923,2021-04-03 05:00:00,5.0,93.0,6.0,102367,48202,3027,2.95700762941182216900
westernjournal.com,1274926143,1798897,2021-04-03 03:00:00,3.0,93.0,6.0,102104,48055,2665,2.61008383608869388100
westernjournal.com,1274926143,1798867,2021-04-03 01:00:00,1.0,93.0,6.0,101974,50263,2705,2.65263694667268127200
westernjournal.com,1274926143,1798029,2021-04-02 23:00:00,23.0,92.0,5.0,101754,52301,3080,3.02690803309943589400
westernjournal.com,1274926143,1797963,2021-04-02 21:00:00,21.0,92.0,5.0,101609,53003,2879,2.83341042624176992200
westernjournal.com,1274926143,1797583,2021-04-02 19:00:00,19.0,92.0,5.0,101479,53727,3024,2.97992688142374284300
westernjournal.com,1274926143,1797240,2021-04-02 17:00:00,17.0,92.0,5.0,101213,40012,2444,2.41470957288095402800
westernjournal.com,1274926143,1797158,2021-04-02 15:00:00,15.0,92.0,5.0,100947,53753,3056,3.02733117378426302900
westernjournal.com,1274926143,1797033,2021-04-02 13:00:00,13.0,92.0,5.0,101536,51959,2230,2.19626536400882445600
westernjournal.com,1274926143,1796036,2021-04-02 05:00:00,5.0,92.0,5.0,101603,52240,3351,3.29813096069997933100
westernjournal.com,1274926143,1796019,2021-04-02 03:00:00,3.0,92.0,5.0,101358,48386,3153,3.11075593441070265800
westernjournal.com,1274926143,1795990,2021-04-02 01:00:00,1.0,92.0,5.0,101195,52940,3711,3.66717723207668363100
westernjournal.com,1274926143,1795134,2021-04-01 23:00:00,23.0,91.0,4.0,100738,52931,3238,3.21427862375667573300
westernjournal.com,1274926143,1794093,2021-04-01 13:00:00,13.0,91.0,4.0,100462,53594,5064,5.04071191097131253600
westernjournal.com,1274926143,1793077,2021-04-01 05:00:00,5.0,91.0,4.0,100347,52369,2719,2.70959769599489770500
westernjournal.com,1274926143,1793061,2021-04-01 03:00:00,3.0,91.0,4.0,100114,48683,3689,3.68479932876520766300
westernjournal.com,1274926143,1793025,2021-04-01 01:00:00,1.0,91.0,4.0,99900,53257,3023,3.02602602602602602600
westernjournal.com,1274926143,1792182,2021-03-31 23:00:00,23.0,90.0,3.0,99570,52198,3555,3.57035251581801747500
westernjournal.com,1274926143,1791090,2021-03-31 13:00:00,13.0,90.0,3.0,99531,52561,3379,3.39492218504787453200
westernjournal.com,1274926143,1790038,2021-03-31 03:00:00,3.0,90.0,3.0,98982,56209,3643,3.68046715564446060900
westernjournal.com,1274926143,1790009,2021-03-31 01:00:00,1.0,90.0,3.0,98735,53454,3468,3.51243226819263685600
westernjournal.com,1274926143,1789156,2021-03-30 23:00:00,23.0,89.0,2.0,98631,53232,3143,3.18662489480994819100
westernjournal.com,1274926143,1788136,2021-03-30 13:00:00,13.0,89.0,2.0,98436,52071,3479,3.53427607785769433900
westernjournal.com,1274926143,1787104,2021-03-30 05:00:00,5.0,89.0,2.0,98323,51484,4321,4.39469910397363790800
westernjournal.com,1274926143,1787086,2021-03-30 03:00:00,3.0,89.0,2.0,97961,47875,2975,3.03692285705535876500
westernjournal.com,1274926143,1787053,2021-03-30 01:00:00,1.0,89.0,2.0,97596,52541,3471,3.55649821714004672300
westernjournal.com,1274926143,1784178,2021-03-29 05:00:00,5.0,88.0,1.0,97066,55850,3509,3.61506603754146663100
westernjournal.com,1274926143,1784157,2021-03-29 03:00:00,3.0,88.0,1.0,96825,45489,3058,3.15827523883294603700
westernjournal.com,1274926143,1784126,2021-03-29 01:00:00,1.0,88.0,1.0,96594,50591,3577,3.70312855870965070300
westernjournal.com,1274926143,1783291,2021-03-28 23:00:00,23.0,87.0,0.0,96399,51129,3602,3.73655328374775671900
westernjournal.com,1274926143,1783231,2021-03-28 21:00:00,21.0,87.0,0.0,96206,51560,3366,3.49874228218614223600
westernjournal.com,1274926143,1782845,2021-03-28 19:00:00,19.0,87.0,0.0,96110,50496,3907,4.06513370096764124400
westernjournal.com,1274926143,1782487,2021-03-28 17:00:00,17.0,87.0,0.0,96018,50819,3906,4.06798725239017684200
westernjournal.com,1274926143,1782413,2021-03-28 15:00:00,15.0,87.0,0.0,96243,50012,3465,3.60026183722452542000
westernjournal.com,1274926143,1781379,2021-03-28 05:00:00,5.0,87.0,0.0,96024,52701,3531,3.67720569857535616100
westernjournal.com,1274926143,1781361,2021-03-28 03:00:00,3.0,87.0,0.0,95814,45903,2924,3.05174609138539253100
westernjournal.com,1274926143,1781331,2021-03-28 02:00:00,1.0,87.0,0.0,95566,48904,3072,3.21453236506707406400
westernjournal.com,1274926143,1780500,2021-03-27 23:00:00,23.0,86.0,6.0,95374,49978,2231,2.33921194455511984400
westernjournal.com,1274926143,1780450,2021-03-27 21:00:00,21.0,86.0,6.0,95153,49871,3438,3.61312833016300064100
westernjournal.com,1274926143,1780061,2021-03-27 19:00:00,19.0,86.0,6.0,95077,49434,3791,3.98729450866140075900
westernjournal.com,1274926143,1779719,2021-03-27 17:00:00,17.0,86.0,6.0,94951,49795,3398,3.57868795483986477200
westernjournal.com,1274926143,1779641,2021-03-27 15:00:00,15.0,86.0,6.0,95061,50405,3286,3.45672778531679658300
westernjournal.com,1274926143,1778731,2021-03-27 12:00:00,12.0,86.0,6.0,95234,48091,4374,4.59289749459226746800
westernjournal.com,1274926143,1778635,2021-03-27 05:00:00,5.0,86.0,6.0,95013,46305,3173,3.33954300990390788600
westernjournal.com,1274926143,1778617,2021-03-27 03:00:00,3.0,86.0,6.0,94759,45758,3269,3.44980424023047942700
westernjournal.com,1274926143,1778587,2021-03-27 01:00:00,1.0,86.0,6.0,94618,48663,3412,3.60607918155107907600
westernjournal.com,1274926143,1777754,2021-03-26 23:00:00,23.0,85.0,5.0,94324,50370,3489,3.69895254654170730700
westernjournal.com,1274926143,1775776,2021-03-26 05:00:00,5.0,85.0,5.0,93918,54569,4977,5.29930364786302945100
westernjournal.com,1274926143,1775753,2021-03-26 03:00:00,3.0,85.0,5.0,93755,46562,3204,3.41741773772065489800
westernjournal.com,1274926143,1775725,2021-03-26 01:00:00,1.0,85.0,5.0,93555,50906,4437,4.74266474266474266500
westernjournal.com,1274926143,1772843,2021-03-25 05:00:00,5.0,84.0,4.0,93072,55566,4259,4.57602716176723396900
westernjournal.com,1274926143,1772822,2021-03-25 03:00:00,3.0,84.0,4.0,92698,46276,4448,4.79837752702323674700
westernjournal.com,1274926143,1772788,2021-03-25 01:00:00,1.0,84.0,4.0,92587,50981,4260,4.60107790510546837000
westernjournal.com,1274926143,1771957,2021-03-24 23:00:00,23.0,83.0,3.0,92333,50073,3456,3.74297380134946335500
